business_name,business_type,email,city,generated_email,status,timestamp
Manufacturing & Industry Solutions Pvt Ltd,Manufacturing & Industry,info@manufacturing&industrysolutionspvtltd.com,Lahore,"Dear Manufacturing & Industry Solutions Pvt Ltd Team,

Subject: Enhance Your Visibility in Lahore's Industrial Sector

Dear Manufacturing & Industry Solutions Pvt Ltd Team,

My name is Zaid, and I'm reaching out from Reviu.pk, Pakistan's leading business directory. We noticed your presence in Lahore's manufacturing sector and want to help you connect with a larger audience.

By listing with us, you can significantly increase your online visibility, expand your customer reach, and drive business growth. Our platform is dedicated to helping prominent industrial firms like yours get discovered by more clients and partners.

Join other leading businesses by registering your free profile today:
https://www.reviu.pk/auth/business/signup

We look forward to featuring your company.

Best regards,

Zaid
Reviu.pk
info@reviu.pk
www.reviu.pk
03556924128

Best regards,
Zaid
Reviu.pk Team",generated,2025-08-24T03:20:35.455480
Elite Manufacturing & Industry Services,Manufacturing & Industry,info@elitemanufacturing&industryservices.com,Lahore,"Dear Elite Manufacturing & Industry Services Team,

Subject: Feature Elite Manufacturing & Industry Services on Reviu.pk

Dear Elite Manufacturing & Industry Services Team,

My name is Zaid from Reviu.pk, Pakistan’s leading business directory.

We would be honored to feature your Lahore-based business. Listing with us enhances your online visibility, connecting you with a wider network of clients and partners specifically seeking manufacturing and industrial services in your area. This targeted exposure is a powerful way to expand your customer reach and drive sustainable business growth.

Claim your free business listing today by registering at the link below:
https://www.reviu.pk/auth/business/signup

We look forward to helping you grow.

Best regards,

Zaid
Reviu.pk
info@reviu.pk | www.reviu.pk | 03556924128

Best regards,
Zaid
Reviu.pk Team",generated,2025-08-24T03:20:35.455480
Prime Manufacturing & Industry Hub,Manufacturing & Industry,info@primemanufacturing&industryhub.com,Lahore,"Dear Prime Manufacturing & Industry Hub Team,

Subject: Increase Your Visibility in Lahore's Industrial Sector with Reviu.pk

Dear Prime Manufacturing & Industry Hub Team,

My name is Zaid, and I'm reaching out from Reviu.pk, Pakistan's leading business directory.

We would be delighted to feature your business on our platform. A listing with us will significantly enhance your online visibility, helping you connect with new clients and partners searching for premier manufacturing services in the Lahore area. This increased reach is a direct path to sustainable business growth.

Take the first step towards expanding your customer base by registering your business today.

Register here: https://www.reviu.pk/auth/business/signup

We look forward to partnering with you.

Best regards,

Zaid
Reviu.pk
info@reviu.pk | www.reviu.pk | 03556924128

Best regards,
Zaid
Reviu.pk Team",generated,2025-08-24T03:20:35.455480
Next Gen Manufacturing & Industry,Manufacturing & Industry,info@nextgenmanufacturing&industry.com,Lahore,"Dear Next Gen Manufacturing & Industry Team,

I hope this email finds you well. My name is Zaid, and I'm reaching out from Reviu.pk, Pakistan's leading business directory platform.

I noticed your Manufacturing & Industry business in Lahore and believe you would greatly benefit from listing with us. Our platform offers:

• Increased online visibility and customer reach
• Professional business profile with contact details
• Integration with our extensive network of potential customers
• Enhanced credibility and trust among local consumers

We would love to help showcase your business to our growing community of users looking for quality services in Lahore.

To get started, please visit: https://www.reviu.pk/auth/business/signup

If you have any questions, feel free to reach out to me directly at info@reviu.pk or call 03556924128.

Looking forward to partnering with you!

Best regards,
Zaid
Reviu.pk Team
info@reviu.pk | www.reviu.pk | 03556924128",generated,2025-08-24T03:20:35.455480
Smart Manufacturing & Industry Co,Manufacturing & Industry,info@smartmanufacturing&industryco.com,Lahore,"Dear Smart Manufacturing & Industry Co Team,

I hope this email finds you well. My name is Zaid, and I'm reaching out from Reviu.pk, Pakistan's leading business directory platform.

I noticed your Manufacturing & Industry business in Lahore and believe you would greatly benefit from listing with us. Our platform offers:

• Increased online visibility and customer reach
• Professional business profile with contact details
• Integration with our extensive network of potential customers
• Enhanced credibility and trust among local consumers

We would love to help showcase your business to our growing community of users looking for quality services in Lahore.

To get started, please visit: https://www.reviu.pk/auth/business/signup

If you have any questions, feel free to reach out to me directly at info@reviu.pk or call 03556924128.

Looking forward to partnering with you!

Best regards,
Zaid
Reviu.pk Team
info@reviu.pk | www.reviu.pk | 03556924128",generated,2025-08-24T03:20:35.455480
Advanced Manufacturing & Industry Systems,Manufacturing & Industry,info@advancedmanufacturing&industrysystems.com,Lahore,"Dear Advanced Manufacturing & Industry Systems Team,

I hope this email finds you well. My name is Zaid, and I'm reaching out from Reviu.pk, Pakistan's leading business directory platform.

I noticed your Manufacturing & Industry business in Lahore and believe you would greatly benefit from listing with us. Our platform offers:

• Increased online visibility and customer reach
• Professional business profile with contact details
• Integration with our extensive network of potential customers
• Enhanced credibility and trust among local consumers

We would love to help showcase your business to our growing community of users looking for quality services in Lahore.

To get started, please visit: https://www.reviu.pk/auth/business/signup

If you have any questions, feel free to reach out to me directly at info@reviu.pk or call 03556924128.

Looking forward to partnering with you!

Best regards,
Zaid
Reviu.pk Team
info@reviu.pk | www.reviu.pk | 03556924128",generated,2025-08-24T03:20:35.455480
Professional Manufacturing & Industry Group,Manufacturing & Industry,info@professionalmanufacturing&industrygroup.com,Lahore,"Dear Professional Manufacturing & Industry Group Team,

I hope this email finds you well. My name is Zaid, and I'm reaching out from Reviu.pk, Pakistan's leading business directory platform.

I noticed your Manufacturing & Industry business in Lahore and believe you would greatly benefit from listing with us. Our platform offers:

• Increased online visibility and customer reach
• Professional business profile with contact details
• Integration with our extensive network of potential customers
• Enhanced credibility and trust among local consumers

We would love to help showcase your business to our growing community of users looking for quality services in Lahore.

To get started, please visit: https://www.reviu.pk/auth/business/signup

If you have any questions, feel free to reach out to me directly at info@reviu.pk or call 03556924128.

Looking forward to partnering with you!

Best regards,
Zaid
Reviu.pk Team
info@reviu.pk | www.reviu.pk | 03556924128",generated,2025-08-24T03:20:35.455480
Modern Manufacturing & Industry Solutions,Manufacturing & Industry,info@modernmanufacturing&industrysolutions.com,Lahore,"Dear Modern Manufacturing & Industry Solutions Team,

I hope this email finds you well. My name is Zaid, and I'm reaching out from Reviu.pk, Pakistan's leading business directory platform.

I noticed your Manufacturing & Industry business in Lahore and believe you would greatly benefit from listing with us. Our platform offers:

• Increased online visibility and customer reach
• Professional business profile with contact details
• Integration with our extensive network of potential customers
• Enhanced credibility and trust among local consumers

We would love to help showcase your business to our growing community of users looking for quality services in Lahore.

To get started, please visit: https://www.reviu.pk/auth/business/signup

If you have any questions, feel free to reach out to me directly at info@reviu.pk or call 03556924128.

Looking forward to partnering with you!

Best regards,
Zaid
Reviu.pk Team
info@reviu.pk | www.reviu.pk | 03556924128",generated,2025-08-24T03:20:35.455480
Expert Manufacturing & Industry Services,Manufacturing & Industry,info@expertmanufacturing&industryservices.com,Lahore,"Dear Expert Manufacturing & Industry Services Team,

I hope this email finds you well. My name is Zaid, and I'm reaching out from Reviu.pk, Pakistan's leading business directory platform.

I noticed your Manufacturing & Industry business in Lahore and believe you would greatly benefit from listing with us. Our platform offers:

• Increased online visibility and customer reach
• Professional business profile with contact details
• Integration with our extensive network of potential customers
• Enhanced credibility and trust among local consumers

We would love to help showcase your business to our growing community of users looking for quality services in Lahore.

To get started, please visit: https://www.reviu.pk/auth/business/signup

If you have any questions, feel free to reach out to me directly at info@reviu.pk or call 03556924128.

Looking forward to partnering with you!

Best regards,
Zaid
Reviu.pk Team
info@reviu.pk | www.reviu.pk | 03556924128",generated,2025-08-24T03:20:35.455480
Premium Manufacturing & Industry Co,Manufacturing & Industry,info@premiummanufacturing&industryco.com,Lahore,"Dear Premium Manufacturing & Industry Co Team,

I hope this email finds you well. My name is Zaid, and I'm reaching out from Reviu.pk, Pakistan's leading business directory platform.

I noticed your Manufacturing & Industry business in Lahore and believe you would greatly benefit from listing with us. Our platform offers:

• Increased online visibility and customer reach
• Professional business profile with contact details
• Integration with our extensive network of potential customers
• Enhanced credibility and trust among local consumers

We would love to help showcase your business to our growing community of users looking for quality services in Lahore.

To get started, please visit: https://www.reviu.pk/auth/business/signup

If you have any questions, feel free to reach out to me directly at info@reviu.pk or call 03556924128.

Looking forward to partnering with you!

Best regards,
Zaid
Reviu.pk Team
info@reviu.pk | www.reviu.pk | 03556924128",generated,2025-08-24T03:20:35.455480
TechVision Solutions,Technology,info@techvisionsolutions.com,Islamabad,"Dear TechVision Solutions Team,

I hope this email finds you well. My name is Zaid, and I'm reaching out from Reviu.pk, Pakistan's leading business directory platform.

I noticed your Technology business in Islamabad and believe you would greatly benefit from listing with us. Our platform offers:

• Increased online visibility and customer reach
• Professional business profile with contact details
• Integration with our extensive network of potential customers
• Enhanced credibility and trust among local consumers

We would love to help showcase your business to our growing community of users looking for quality services in Islamabad.

To get started, please visit: https://www.reviu.pk/auth/business/signup

If you have any questions, feel free to reach out to me directly at info@reviu.pk or call 03556924128.

Looking forward to partnering with you!

Best regards,
Zaid
Reviu.pk Team
info@reviu.pk | www.reviu.pk | 03556924128",generated,2025-08-24T03:26:20.590673
Digital Dynamics,Technology,info@digitaldynamics.com,Islamabad,"Dear Digital Dynamics Team,

I hope this email finds you well. My name is Zaid, and I'm reaching out from Reviu.pk, Pakistan's leading business directory platform.

I noticed your Technology business in Islamabad and believe you would greatly benefit from listing with us. Our platform offers:

• Increased online visibility and customer reach
• Professional business profile with contact details
• Integration with our extensive network of potential customers
• Enhanced credibility and trust among local consumers

We would love to help showcase your business to our growing community of users looking for quality services in Islamabad.

To get started, please visit: https://www.reviu.pk/auth/business/signup

If you have any questions, feel free to reach out to me directly at info@reviu.pk or call 03556924128.

Looking forward to partnering with you!

Best regards,
Zaid
Reviu.pk Team
info@reviu.pk | www.reviu.pk | 03556924128",generated,2025-08-24T03:26:20.590673
InnovateTech Systems,Technology,info@innovatetechsystems.com,Islamabad,"Dear InnovateTech Systems Team,

I hope this email finds you well. My name is Zaid, and I'm reaching out from Reviu.pk, Pakistan's leading business directory platform.

I noticed your Technology business in Islamabad and believe you would greatly benefit from listing with us. Our platform offers:

• Increased online visibility and customer reach
• Professional business profile with contact details
• Integration with our extensive network of potential customers
• Enhanced credibility and trust among local consumers

We would love to help showcase your business to our growing community of users looking for quality services in Islamabad.

To get started, please visit: https://www.reviu.pk/auth/business/signup

If you have any questions, feel free to reach out to me directly at info@reviu.pk or call 03556924128.

Looking forward to partnering with you!

Best regards,
Zaid
Reviu.pk Team
info@reviu.pk | www.reviu.pk | 03556924128",generated,2025-08-24T03:26:20.590673
SmartCode Solutions,Technology,info@smartcodesolutions.com,Islamabad,"Dear SmartCode Solutions Team,

I hope this email finds you well. My name is Zaid, and I'm reaching out from Reviu.pk, Pakistan's leading business directory platform.

I noticed your Technology business in Islamabad and believe you would greatly benefit from listing with us. Our platform offers:

• Increased online visibility and customer reach
• Professional business profile with contact details
• Integration with our extensive network of potential customers
• Enhanced credibility and trust among local consumers

We would love to help showcase your business to our growing community of users looking for quality services in Islamabad.

To get started, please visit: https://www.reviu.pk/auth/business/signup

If you have any questions, feel free to reach out to me directly at info@reviu.pk or call 03556924128.

Looking forward to partnering with you!

Best regards,
Zaid
Reviu.pk Team
info@reviu.pk | www.reviu.pk | 03556924128",generated,2025-08-24T03:26:20.590673
FutureTech Hub,Technology,info@futuretechhub.com,Islamabad,"Dear FutureTech Hub Team,

I hope this email finds you well. My name is Zaid, and I'm reaching out from Reviu.pk, Pakistan's leading business directory platform.

I noticed your Technology business in Islamabad and believe you would greatly benefit from listing with us. Our platform offers:

• Increased online visibility and customer reach
• Professional business profile with contact details
• Integration with our extensive network of potential customers
• Enhanced credibility and trust among local consumers

We would love to help showcase your business to our growing community of users looking for quality services in Islamabad.

To get started, please visit: https://www.reviu.pk/auth/business/signup

If you have any questions, feel free to reach out to me directly at info@reviu.pk or call 03556924128.

Looking forward to partnering with you!

Best regards,
Zaid
Reviu.pk Team
info@reviu.pk | www.reviu.pk | 03556924128",generated,2025-08-24T03:26:20.590673
CyberTech Services,Technology,info@cybertechservices.com,Islamabad,"Dear CyberTech Services Team,

I hope this email finds you well. My name is Zaid, and I'm reaching out from Reviu.pk, Pakistan's leading business directory platform.

I noticed your Technology business in Islamabad and believe you would greatly benefit from listing with us. Our platform offers:

• Increased online visibility and customer reach
• Professional business profile with contact details
• Integration with our extensive network of potential customers
• Enhanced credibility and trust among local consumers

We would love to help showcase your business to our growing community of users looking for quality services in Islamabad.

To get started, please visit: https://www.reviu.pk/auth/business/signup

If you have any questions, feel free to reach out to me directly at info@reviu.pk or call 03556924128.

Looking forward to partnering with you!

Best regards,
Zaid
Reviu.pk Team
info@reviu.pk | www.reviu.pk | 03556924128",generated,2025-08-24T03:26:20.590673
DataFlow Technologies,Technology,info@dataflowtechnologies.com,Islamabad,"Dear DataFlow Technologies Team,

I hope this email finds you well. My name is Zaid, and I'm reaching out from Reviu.pk, Pakistan's leading business directory platform.

I noticed your Technology business in Islamabad and believe you would greatly benefit from listing with us. Our platform offers:

• Increased online visibility and customer reach
• Professional business profile with contact details
• Integration with our extensive network of potential customers
• Enhanced credibility and trust among local consumers

We would love to help showcase your business to our growing community of users looking for quality services in Islamabad.

To get started, please visit: https://www.reviu.pk/auth/business/signup

If you have any questions, feel free to reach out to me directly at info@reviu.pk or call 03556924128.

Looking forward to partnering with you!

Best regards,
Zaid
Reviu.pk Team
info@reviu.pk | www.reviu.pk | 03556924128",generated,2025-08-24T03:26:20.590673
CloudTech Solutions,Technology,info@cloudtechsolutions.com,Islamabad,"Dear CloudTech Solutions Team,

I hope this email finds you well. My name is Zaid, and I'm reaching out from Reviu.pk, Pakistan's leading business directory platform.

I noticed your Technology business in Islamabad and believe you would greatly benefit from listing with us. Our platform offers:

• Increased online visibility and customer reach
• Professional business profile with contact details
• Integration with our extensive network of potential customers
• Enhanced credibility and trust among local consumers

We would love to help showcase your business to our growing community of users looking for quality services in Islamabad.

To get started, please visit: https://www.reviu.pk/auth/business/signup

If you have any questions, feel free to reach out to me directly at info@reviu.pk or call 03556924128.

Looking forward to partnering with you!

Best regards,
Zaid
Reviu.pk Team
info@reviu.pk | www.reviu.pk | 03556924128",generated,2025-08-24T03:26:20.590673
MobileTech Innovations,Technology,info@mobiletechinnovations.com,Islamabad,"Dear MobileTech Innovations Team,

I hope this email finds you well. My name is Zaid, and I'm reaching out from Reviu.pk, Pakistan's leading business directory platform.

I noticed your Technology business in Islamabad and believe you would greatly benefit from listing with us. Our platform offers:

• Increased online visibility and customer reach
• Professional business profile with contact details
• Integration with our extensive network of potential customers
• Enhanced credibility and trust among local consumers

We would love to help showcase your business to our growing community of users looking for quality services in Islamabad.

To get started, please visit: https://www.reviu.pk/auth/business/signup

If you have any questions, feel free to reach out to me directly at info@reviu.pk or call 03556924128.

Looking forward to partnering with you!

Best regards,
Zaid
Reviu.pk Team
info@reviu.pk | www.reviu.pk | 03556924128",generated,2025-08-24T03:26:20.590673
WebTech Pro,Technology,info@webtechpro.com,Islamabad,"Dear WebTech Pro Team,

I hope this email finds you well. My name is Zaid, and I'm reaching out from Reviu.pk, Pakistan's leading business directory platform.

I noticed your Technology business in Islamabad and believe you would greatly benefit from listing with us. Our platform offers:

• Increased online visibility and customer reach
• Professional business profile with contact details
• Integration with our extensive network of potential customers
• Enhanced credibility and trust among local consumers

We would love to help showcase your business to our growing community of users looking for quality services in Islamabad.

To get started, please visit: https://www.reviu.pk/auth/business/signup

If you have any questions, feel free to reach out to me directly at info@reviu.pk or call 03556924128.

Looking forward to partnering with you!

Best regards,
Zaid
Reviu.pk Team
info@reviu.pk | www.reviu.pk | 03556924128",generated,2025-08-24T03:26:20.590673
TechVision Solutions,Technology,info@techvisionsolutions.com,Islamabad,"Dear TechVision Solutions Team,

I hope this email finds you well. My name is Zaid, and I'm reaching out from Reviu.pk, Pakistan's leading business directory platform.

I noticed your Technology business in Islamabad and believe you would greatly benefit from listing with us. Our platform offers:

• Increased online visibility and customer reach
• Professional business profile with contact details
• Integration with our extensive network of potential customers
• Enhanced credibility and trust among local consumers

We would love to help showcase your business to our growing community of users looking for quality services in Islamabad.

To get started, please visit: https://www.reviu.pk/auth/business/signup

If you have any questions, feel free to reach out to me directly at info@reviu.pk or call 03556924128.

Looking forward to partnering with you!

Best regards,
Zaid
Reviu.pk Team
info@reviu.pk | www.reviu.pk | 03556924128",generated,2025-08-24T03:29:17.507224
Digital Dynamics,Technology,info@digitaldynamics.com,Islamabad,"Dear Digital Dynamics Team,

I hope this email finds you well. My name is Zaid, and I'm reaching out from Reviu.pk, Pakistan's leading business directory platform.

I noticed your Technology business in Islamabad and believe you would greatly benefit from listing with us. Our platform offers:

• Increased online visibility and customer reach
• Professional business profile with contact details
• Integration with our extensive network of potential customers
• Enhanced credibility and trust among local consumers

We would love to help showcase your business to our growing community of users looking for quality services in Islamabad.

To get started, please visit: https://www.reviu.pk/auth/business/signup

If you have any questions, feel free to reach out to me directly at info@reviu.pk or call 03556924128.

Looking forward to partnering with you!

Best regards,
Zaid
Reviu.pk Team
info@reviu.pk | www.reviu.pk | 03556924128",generated,2025-08-24T03:29:17.507224
InnovateTech Systems,Technology,info@innovatetechsystems.com,Islamabad,"Dear InnovateTech Systems Team,

I hope this email finds you well. My name is Zaid, and I'm reaching out from Reviu.pk, Pakistan's leading business directory platform.

I noticed your Technology business in Islamabad and believe you would greatly benefit from listing with us. Our platform offers:

• Increased online visibility and customer reach
• Professional business profile with contact details
• Integration with our extensive network of potential customers
• Enhanced credibility and trust among local consumers

We would love to help showcase your business to our growing community of users looking for quality services in Islamabad.

To get started, please visit: https://www.reviu.pk/auth/business/signup

If you have any questions, feel free to reach out to me directly at info@reviu.pk or call 03556924128.

Looking forward to partnering with you!

Best regards,
Zaid
Reviu.pk Team
info@reviu.pk | www.reviu.pk | 03556924128",generated,2025-08-24T03:29:17.507224
SmartCode Solutions,Technology,info@smartcodesolutions.com,Islamabad,"Dear SmartCode Solutions Team,

I hope this email finds you well. My name is Zaid, and I'm reaching out from Reviu.pk, Pakistan's leading business directory platform.

I noticed your Technology business in Islamabad and believe you would greatly benefit from listing with us. Our platform offers:

• Increased online visibility and customer reach
• Professional business profile with contact details
• Integration with our extensive network of potential customers
• Enhanced credibility and trust among local consumers

We would love to help showcase your business to our growing community of users looking for quality services in Islamabad.

To get started, please visit: https://www.reviu.pk/auth/business/signup

If you have any questions, feel free to reach out to me directly at info@reviu.pk or call 03556924128.

Looking forward to partnering with you!

Best regards,
Zaid
Reviu.pk Team
info@reviu.pk | www.reviu.pk | 03556924128",generated,2025-08-24T03:29:17.507224
FutureTech Hub,Technology,info@futuretechhub.com,Islamabad,"Dear FutureTech Hub Team,

I hope this email finds you well. My name is Zaid, and I'm reaching out from Reviu.pk, Pakistan's leading business directory platform.

I noticed your Technology business in Islamabad and believe you would greatly benefit from listing with us. Our platform offers:

• Increased online visibility and customer reach
• Professional business profile with contact details
• Integration with our extensive network of potential customers
• Enhanced credibility and trust among local consumers

We would love to help showcase your business to our growing community of users looking for quality services in Islamabad.

To get started, please visit: https://www.reviu.pk/auth/business/signup

If you have any questions, feel free to reach out to me directly at info@reviu.pk or call 03556924128.

Looking forward to partnering with you!

Best regards,
Zaid
Reviu.pk Team
info@reviu.pk | www.reviu.pk | 03556924128",generated,2025-08-24T03:29:17.507224
CyberTech Services,Technology,info@cybertechservices.com,Islamabad,"Dear CyberTech Services Team,

I hope this email finds you well. My name is Zaid, and I'm reaching out from Reviu.pk, Pakistan's leading business directory platform.

I noticed your Technology business in Islamabad and believe you would greatly benefit from listing with us. Our platform offers:

• Increased online visibility and customer reach
• Professional business profile with contact details
• Integration with our extensive network of potential customers
• Enhanced credibility and trust among local consumers

We would love to help showcase your business to our growing community of users looking for quality services in Islamabad.

To get started, please visit: https://www.reviu.pk/auth/business/signup

If you have any questions, feel free to reach out to me directly at info@reviu.pk or call 03556924128.

Looking forward to partnering with you!

Best regards,
Zaid
Reviu.pk Team
info@reviu.pk | www.reviu.pk | 03556924128",generated,2025-08-24T03:29:17.507224
DataFlow Technologies,Technology,info@dataflowtechnologies.com,Islamabad,"Dear DataFlow Technologies Team,

I hope this email finds you well. My name is Zaid, and I'm reaching out from Reviu.pk, Pakistan's leading business directory platform.

I noticed your Technology business in Islamabad and believe you would greatly benefit from listing with us. Our platform offers:

• Increased online visibility and customer reach
• Professional business profile with contact details
• Integration with our extensive network of potential customers
• Enhanced credibility and trust among local consumers

We would love to help showcase your business to our growing community of users looking for quality services in Islamabad.

To get started, please visit: https://www.reviu.pk/auth/business/signup

If you have any questions, feel free to reach out to me directly at info@reviu.pk or call 03556924128.

Looking forward to partnering with you!

Best regards,
Zaid
Reviu.pk Team
info@reviu.pk | www.reviu.pk | 03556924128",generated,2025-08-24T03:29:17.507224
CloudTech Solutions,Technology,info@cloudtechsolutions.com,Islamabad,"Dear CloudTech Solutions Team,

I hope this email finds you well. My name is Zaid, and I'm reaching out from Reviu.pk, Pakistan's leading business directory platform.

I noticed your Technology business in Islamabad and believe you would greatly benefit from listing with us. Our platform offers:

• Increased online visibility and customer reach
• Professional business profile with contact details
• Integration with our extensive network of potential customers
• Enhanced credibility and trust among local consumers

We would love to help showcase your business to our growing community of users looking for quality services in Islamabad.

To get started, please visit: https://www.reviu.pk/auth/business/signup

If you have any questions, feel free to reach out to me directly at info@reviu.pk or call 03556924128.

Looking forward to partnering with you!

Best regards,
Zaid
Reviu.pk Team
info@reviu.pk | www.reviu.pk | 03556924128",generated,2025-08-24T03:29:17.507224
MobileTech Innovations,Technology,info@mobiletechinnovations.com,Islamabad,"Dear MobileTech Innovations Team,

I hope this email finds you well. My name is Zaid, and I'm reaching out from Reviu.pk, Pakistan's leading business directory platform.

I noticed your Technology business in Islamabad and believe you would greatly benefit from listing with us. Our platform offers:

• Increased online visibility and customer reach
• Professional business profile with contact details
• Integration with our extensive network of potential customers
• Enhanced credibility and trust among local consumers

We would love to help showcase your business to our growing community of users looking for quality services in Islamabad.

To get started, please visit: https://www.reviu.pk/auth/business/signup

If you have any questions, feel free to reach out to me directly at info@reviu.pk or call 03556924128.

Looking forward to partnering with you!

Best regards,
Zaid
Reviu.pk Team
info@reviu.pk | www.reviu.pk | 03556924128",generated,2025-08-24T03:29:17.507224
WebTech Pro,Technology,info@webtechpro.com,Islamabad,"Dear WebTech Pro Team,

I hope this email finds you well. My name is Zaid, and I'm reaching out from Reviu.pk, Pakistan's leading business directory platform.

I noticed your Technology business in Islamabad and believe you would greatly benefit from listing with us. Our platform offers:

• Increased online visibility and customer reach
• Professional business profile with contact details
• Integration with our extensive network of potential customers
• Enhanced credibility and trust among local consumers

We would love to help showcase your business to our growing community of users looking for quality services in Islamabad.

To get started, please visit: https://www.reviu.pk/auth/business/signup

If you have any questions, feel free to reach out to me directly at info@reviu.pk or call 03556924128.

Looking forward to partnering with you!

Best regards,
Zaid
Reviu.pk Team
info@reviu.pk | www.reviu.pk | 03556924128",generated,2025-08-24T03:29:17.507224
TechNova Solutions,Technology,info@technovasolutions.pk,Islamabad,"Dear TechNova Solutions Team,

Subject: Enhance TechNova Solutions' Online Presence in Islamabad

Dear TechNova Solutions Team,

My name is Zaid, and I'm with Reviu.pk, Pakistan's leading business directory.

We help prominent technology companies in Islamabad like yours increase their online visibility and connect with a wider audience. Listing on our platform will boost your customer reach, drive more inquiries, and support your overall business growth by putting you in front of clients actively searching for tech solutions.

Claim your free listing today and start growing your digital footprint. Register here:
https://www.reviu.pk/auth/business/signup

We look forward to featuring you. Please let me know if you have any questions.

Sincerely,

Zaid
Reviu.pk
info@reviu.pk | www.reviu.pk | 03556924128

Best regards,
Zaid
Reviu.pk Team",generated,2025-08-24T03:37:28.343627
Digital Frontier Pakistan,Technology,contact@digitalfrontier.com.pk,Islamabad,"Dear Digital Frontier Pakistan Team,

Subject: Enhance Digital Frontier Pakistan's Online Visibility with Reviu.pk

Dear Digital Frontier Pakistan Team,

My name is Zaid from Reviu.pk, Pakistan's leading business directory.

I'm reaching out because we would be delighted to feature a prominent Islamabad-based technology company like yours on our platform. A listing with us can significantly boost your online visibility, helping you connect with a wider audience searching for tech solutions in the capital and beyond.

Expand your customer reach and drive tangible business growth by joining our network.

Registration is simple and takes just a few minutes. Get started here: https://www.reviu.pk/auth/business/signup

Please feel free to contact us with any questions.

Best regards,

Zaid
Reviu.pk
info@reviu.pk | www.reviu.pk | 03556924128

Best regards,
Zaid
Reviu.pk Team",generated,2025-08-24T03:37:28.343627
CodeCrafters Islamabad,Technology,info@codecrafters.pk,Islamabad,"Dear CodeCrafters Islamabad Team,

Subject: Enhance Your Online Presence in Islamabad: Partner with Reviu.pk

Dear CodeCrafters Islamabad Team,

My name is Zaid, and I'm with Reviu.pk, Pakistan's leading business directory.

I am reaching out as I believe we can help a prominent technology company like yours connect with more clients in Islamabad. Listing on our platform significantly increases your online visibility, making it easier for customers actively seeking tech solutions to discover your services. This targeted exposure is key to expanding your customer reach and accelerating business growth.

Take the next step to grow your audience by registering your business with us today.

Register here: https://www.reviu.pk/auth/business/signup

Please feel free to reach out with any questions.

Best regards,

Zaid
Reviu.pk
info@reviu.pk | www.reviu.pk | 03556924128

Best regards,
Zaid
Reviu.pk Team",generated,2025-08-24T03:37:28.343627
DataStream Analytics,Technology,contact@datastream.com.pk,Islamabad,"Dear DataStream Analytics Team,

I hope this email finds you well. My name is Zaid, and I'm reaching out from Reviu.pk, Pakistan's leading business directory platform.

I noticed your Technology business in Islamabad and believe you would greatly benefit from listing with us. Our platform offers:

• Increased online visibility and customer reach
• Professional business profile with contact details
• Integration with our extensive network of potential customers
• Enhanced credibility and trust among local consumers

We would love to help showcase your business to our growing community of users looking for quality services in Islamabad.

To get started, please visit: https://www.reviu.pk/auth/business/signup

If you have any questions, feel free to reach out to me directly at info@reviu.pk or call 03556924128.

Looking forward to partnering with you!

Best regards,
Zaid
Reviu.pk Team
info@reviu.pk | www.reviu.pk | 03556924128",generated,2025-08-24T03:37:28.343627
CyberShield Security,Technology,info@cybershield.pk,Islamabad,"Dear CyberShield Security Team,

I hope this email finds you well. My name is Zaid, and I'm reaching out from Reviu.pk, Pakistan's leading business directory platform.

I noticed your Technology business in Islamabad and believe you would greatly benefit from listing with us. Our platform offers:

• Increased online visibility and customer reach
• Professional business profile with contact details
• Integration with our extensive network of potential customers
• Enhanced credibility and trust among local consumers

We would love to help showcase your business to our growing community of users looking for quality services in Islamabad.

To get started, please visit: https://www.reviu.pk/auth/business/signup

If you have any questions, feel free to reach out to me directly at info@reviu.pk or call 03556924128.

Looking forward to partnering with you!

Best regards,
Zaid
Reviu.pk Team
info@reviu.pk | www.reviu.pk | 03556924128",generated,2025-08-24T03:37:28.343627
NetConnect Solutions,Technology,contact@netconnectsolutions.com,Islamabad,"Dear NetConnect Solutions Team,

I hope this email finds you well. My name is Zaid, and I'm reaching out from Reviu.pk, Pakistan's leading business directory platform.

I noticed your Technology business in Islamabad and believe you would greatly benefit from listing with us. Our platform offers:

• Increased online visibility and customer reach
• Professional business profile with contact details
• Integration with our extensive network of potential customers
• Enhanced credibility and trust among local consumers

We would love to help showcase your business to our growing community of users looking for quality services in Islamabad.

To get started, please visit: https://www.reviu.pk/auth/business/signup

If you have any questions, feel free to reach out to me directly at info@reviu.pk or call 03556924128.

Looking forward to partnering with you!

Best regards,
Zaid
Reviu.pk Team
info@reviu.pk | www.reviu.pk | 03556924128",generated,2025-08-24T03:37:28.343627
PakTech Innovators,Technology,info@paktechinnovators.pk,Islamabad,"Dear PakTech Innovators Team,

I hope this email finds you well. My name is Zaid, and I'm reaching out from Reviu.pk, Pakistan's leading business directory platform.

I noticed your Technology business in Islamabad and believe you would greatly benefit from listing with us. Our platform offers:

• Increased online visibility and customer reach
• Professional business profile with contact details
• Integration with our extensive network of potential customers
• Enhanced credibility and trust among local consumers

We would love to help showcase your business to our growing community of users looking for quality services in Islamabad.

To get started, please visit: https://www.reviu.pk/auth/business/signup

If you have any questions, feel free to reach out to me directly at info@reviu.pk or call 03556924128.

Looking forward to partnering with you!

Best regards,
Zaid
Reviu.pk Team
info@reviu.pk | www.reviu.pk | 03556924128",generated,2025-08-24T03:37:28.343627
CloudCraft Technologies,Technology,contact@cloudcraft.com.pk,Islamabad,"Dear CloudCraft Technologies Team,

I hope this email finds you well. My name is Zaid, and I'm reaching out from Reviu.pk, Pakistan's leading business directory platform.

I noticed your Technology business in Islamabad and believe you would greatly benefit from listing with us. Our platform offers:

• Increased online visibility and customer reach
• Professional business profile with contact details
• Integration with our extensive network of potential customers
• Enhanced credibility and trust among local consumers

We would love to help showcase your business to our growing community of users looking for quality services in Islamabad.

To get started, please visit: https://www.reviu.pk/auth/business/signup

If you have any questions, feel free to reach out to me directly at info@reviu.pk or call 03556924128.

Looking forward to partnering with you!

Best regards,
Zaid
Reviu.pk Team
info@reviu.pk | www.reviu.pk | 03556924128",generated,2025-08-24T03:37:28.343627
eBiz Solutions,Technology,info@ebizsolutions.pk,Islamabad,"Dear eBiz Solutions Team,

I hope this email finds you well. My name is Zaid, and I'm reaching out from Reviu.pk, Pakistan's leading business directory platform.

I noticed your Technology business in Islamabad and believe you would greatly benefit from listing with us. Our platform offers:

• Increased online visibility and customer reach
• Professional business profile with contact details
• Integration with our extensive network of potential customers
• Enhanced credibility and trust among local consumers

We would love to help showcase your business to our growing community of users looking for quality services in Islamabad.

To get started, please visit: https://www.reviu.pk/auth/business/signup

If you have any questions, feel free to reach out to me directly at info@reviu.pk or call 03556924128.

Looking forward to partnering with you!

Best regards,
Zaid
Reviu.pk Team
info@reviu.pk | www.reviu.pk | 03556924128",generated,2025-08-24T03:37:28.343627
SysGen IT Services,Technology,contact@sysgenit.com,Islamabad,"Dear SysGen IT Services Team,

I hope this email finds you well. My name is Zaid, and I'm reaching out from Reviu.pk, Pakistan's leading business directory platform.

I noticed your Technology business in Islamabad and believe you would greatly benefit from listing with us. Our platform offers:

• Increased online visibility and customer reach
• Professional business profile with contact details
• Integration with our extensive network of potential customers
• Enhanced credibility and trust among local consumers

We would love to help showcase your business to our growing community of users looking for quality services in Islamabad.

To get started, please visit: https://www.reviu.pk/auth/business/signup

If you have any questions, feel free to reach out to me directly at info@reviu.pk or call 03556924128.

Looking forward to partnering with you!

Best regards,
Zaid
Reviu.pk Team
info@reviu.pk | www.reviu.pk | 03556924128",generated,2025-08-24T03:37:28.343627
Zeeshan's Emporium,Retail & Shopping,info@zeeshansemporium.pk,Islamabad,"Dear Zeeshan's Emporium Team,

Subject: Boost Zeeshan's Emporium's Online Visibility in Islamabad

Dear Zeeshan's Emporium Team,

My name is Zaid from Reviu.pk, Pakistan's leading business directory.

I noticed your retail business in Islamabad and wanted to introduce a powerful way to enhance your local presence. Listing on Reviu.pk will significantly increase your online visibility, helping you reach thousands of new customers actively searching for shopping destinations in your area. This exposure can directly contribute to your business growth.

Claim your free business listing and start connecting with more customers today.

Register here: https://www.reviu.pk/auth/business/signup

We look forward to featuring Zeeshan's Emporium.

Best regards,

Zaid
Reviu.pk
info@reviu.pk | www.reviu.pk | 03556924128

Best regards,
Zaid
Reviu.pk Team",generated,2025-08-24T03:40:31.933989
Aisha's Boutique,Retail & Shopping,aisha@aishaboutique.com,Islamabad,"Dear Aisha's Boutique Team,

Subject: Connect with More Customers in Islamabad | Aisha's Boutique

Dear Aisha's Boutique Team,

My name is Zaid, and I'm with Reviu.pk, Pakistan's leading business directory.

We admire Aisha's Boutique as a key destination for retail and shopping in Islamabad and would like to help more customers find you. Listing on our platform significantly increases your online visibility, expands your customer reach, and helps drive business growth by connecting you with a highly engaged local audience.

Getting started is simple and takes just a few minutes. You can register your business using the link below:

https://www.reviu.pk/auth/business/signup

We look forward to featuring your boutique on our platform.

Best regards,",generated,2025-08-24T03:40:31.933989
Fahad's Electronics,Retail & Shopping,contact@fahads.pk,Islamabad,"Dear Fahad's Electronics Team,

Subject: Boost Your Visibility: Feature Fahad's Electronics on Reviu.pk

Dear Fahad's Electronics Team,

My name is Zaid, and I'm reaching out from Reviu.pk, Pakistan's leading business directory.

We help prominent local businesses like yours connect with more customers. By listing Fahad's Electronics on our platform, you can significantly increase your online visibility and reach thousands of potential customers actively searching for retail and shopping options in Islamabad. This enhanced exposure is a direct path to driving more foot traffic and achieving business growth.

We would be delighted to feature you. You can register in just a few minutes by visiting:
https://www.reviu.pk/auth/business/signup

Should you have any questions, please feel free to contact us.

Best regards,

Zaid
Reviu.pk
info@reviu.pk | www.reviu.pk | 03556924128

Best regards,
Zaid
Reviu.pk Team",generated,2025-08-24T03:40:31.933989
Bilal's Book Nook,Retail & Shopping,books@bilals.com.pk,Islamabad,"Dear Bilal's Book Nook Team,

I hope this email finds you well. My name is Zaid, and I'm reaching out from Reviu.pk, Pakistan's leading business directory platform.

I noticed your Retail & Shopping business in Islamabad and believe you would greatly benefit from listing with us. Our platform offers:

• Increased online visibility and customer reach
• Professional business profile with contact details
• Integration with our extensive network of potential customers
• Enhanced credibility and trust among local consumers

We would love to help showcase your business to our growing community of users looking for quality services in Islamabad.

To get started, please visit: https://www.reviu.pk/auth/business/signup

If you have any questions, feel free to reach out to me directly at info@reviu.pk or call 03556924128.

Looking forward to partnering with you!

Best regards,
Zaid
Reviu.pk Team
info@reviu.pk | www.reviu.pk | 03556924128",generated,2025-08-24T03:40:31.933989
Sunrise Grocery,Retail & Shopping,info@sunrisegrocery.com.pk,Islamabad,"Dear Sunrise Grocery Team,

I hope this email finds you well. My name is Zaid, and I'm reaching out from Reviu.pk, Pakistan's leading business directory platform.

I noticed your Retail & Shopping business in Islamabad and believe you would greatly benefit from listing with us. Our platform offers:

• Increased online visibility and customer reach
• Professional business profile with contact details
• Integration with our extensive network of potential customers
• Enhanced credibility and trust among local consumers

We would love to help showcase your business to our growing community of users looking for quality services in Islamabad.

To get started, please visit: https://www.reviu.pk/auth/business/signup

If you have any questions, feel free to reach out to me directly at info@reviu.pk or call 03556924128.

Looking forward to partnering with you!

Best regards,
Zaid
Reviu.pk Team
info@reviu.pk | www.reviu.pk | 03556924128",generated,2025-08-24T03:40:31.933989
Super Mart Islamabad,Retail & Shopping,contact@supermartislamabad.pk,Islamabad,"Dear Super Mart Islamabad Team,

I hope this email finds you well. My name is Zaid, and I'm reaching out from Reviu.pk, Pakistan's leading business directory platform.

I noticed your Retail & Shopping business in Islamabad and believe you would greatly benefit from listing with us. Our platform offers:

• Increased online visibility and customer reach
• Professional business profile with contact details
• Integration with our extensive network of potential customers
• Enhanced credibility and trust among local consumers

We would love to help showcase your business to our growing community of users looking for quality services in Islamabad.

To get started, please visit: https://www.reviu.pk/auth/business/signup

If you have any questions, feel free to reach out to me directly at info@reviu.pk or call 03556924128.

Looking forward to partnering with you!

Best regards,
Zaid
Reviu.pk Team
info@reviu.pk | www.reviu.pk | 03556924128",generated,2025-08-24T03:40:31.933989
The Craft Corner,Retail & Shopping,info@craftcorner.com.pk,Islamabad,"Dear The Craft Corner Team,

I hope this email finds you well. My name is Zaid, and I'm reaching out from Reviu.pk, Pakistan's leading business directory platform.

I noticed your Retail & Shopping business in Islamabad and believe you would greatly benefit from listing with us. Our platform offers:

• Increased online visibility and customer reach
• Professional business profile with contact details
• Integration with our extensive network of potential customers
• Enhanced credibility and trust among local consumers

We would love to help showcase your business to our growing community of users looking for quality services in Islamabad.

To get started, please visit: https://www.reviu.pk/auth/business/signup

If you have any questions, feel free to reach out to me directly at info@reviu.pk or call 03556924128.

Looking forward to partnering with you!

Best regards,
Zaid
Reviu.pk Team
info@reviu.pk | www.reviu.pk | 03556924128",generated,2025-08-24T03:40:31.933989
Royal Jewellers,Retail & Shopping,sales@royaljewellers.pk,Islamabad,"Dear Royal Jewellers Team,

I hope this email finds you well. My name is Zaid, and I'm reaching out from Reviu.pk, Pakistan's leading business directory platform.

I noticed your Retail & Shopping business in Islamabad and believe you would greatly benefit from listing with us. Our platform offers:

• Increased online visibility and customer reach
• Professional business profile with contact details
• Integration with our extensive network of potential customers
• Enhanced credibility and trust among local consumers

We would love to help showcase your business to our growing community of users looking for quality services in Islamabad.

To get started, please visit: https://www.reviu.pk/auth/business/signup

If you have any questions, feel free to reach out to me directly at info@reviu.pk or call 03556924128.

Looking forward to partnering with you!

Best regards,
Zaid
Reviu.pk Team
info@reviu.pk | www.reviu.pk | 03556924128",generated,2025-08-24T03:40:31.933989
Tech Hub Islamabad,Retail & Shopping,contact@techhub.pk,Islamabad,"Dear Tech Hub Islamabad Team,

I hope this email finds you well. My name is Zaid, and I'm reaching out from Reviu.pk, Pakistan's leading business directory platform.

I noticed your Retail & Shopping business in Islamabad and believe you would greatly benefit from listing with us. Our platform offers:

• Increased online visibility and customer reach
• Professional business profile with contact details
• Integration with our extensive network of potential customers
• Enhanced credibility and trust among local consumers

We would love to help showcase your business to our growing community of users looking for quality services in Islamabad.

To get started, please visit: https://www.reviu.pk/auth/business/signup

If you have any questions, feel free to reach out to me directly at info@reviu.pk or call 03556924128.

Looking forward to partnering with you!

Best regards,
Zaid
Reviu.pk Team
info@reviu.pk | www.reviu.pk | 03556924128",generated,2025-08-24T03:40:31.933989
Ali's Sports Emporium,Retail & Shopping,info@alisports.com.pk,Islamabad,"Dear Ali's Sports Emporium Team,

I hope this email finds you well. My name is Zaid, and I'm reaching out from Reviu.pk, Pakistan's leading business directory platform.

I noticed your Retail & Shopping business in Islamabad and believe you would greatly benefit from listing with us. Our platform offers:

• Increased online visibility and customer reach
• Professional business profile with contact details
• Integration with our extensive network of potential customers
• Enhanced credibility and trust among local consumers

We would love to help showcase your business to our growing community of users looking for quality services in Islamabad.

To get started, please visit: https://www.reviu.pk/auth/business/signup

If you have any questions, feel free to reach out to me directly at info@reviu.pk or call 03556924128.

Looking forward to partnering with you!

Best regards,
Zaid
Reviu.pk Team
info@reviu.pk | www.reviu.pk | 03556924128",generated,2025-08-24T03:40:31.933989
