business_name,email,status,message,business_type,city,timestamp
TechVision Solutions,info@techvisionsolutions.com,sent,Email sent successfully,Technology,Islamabad,2025-08-24T03:30:20.882381
Digital Dynamics,info@digitaldynamics.com,sent,Email sent successfully,Technology,Islamabad,2025-08-24T03:30:20.882381
InnovateTech Systems,info@innovatetechsystems.com,sent,Email sent successfully,Technology,Islamabad,2025-08-24T03:30:20.882381
SmartCode Solutions,info@smartcodesolutions.com,sent,Email sent successfully,Technology,Islamabad,2025-08-24T03:30:20.882381
FutureTech Hub,info@futuretechhub.com,sent,Email sent successfully,Technology,Islamabad,2025-08-24T03:30:20.882381
CyberTech Services,info@cybertechservices.com,sent,Email sent successfully,Technology,Islamabad,2025-08-24T03:30:20.882381
DataFlow Technologies,info@dataflowtechnologies.com,sent,Email sent successfully,Technology,Islamabad,2025-08-24T03:30:20.882381
CloudTech Solutions,info@cloudtechsolutions.com,sent,Email sent successfully,Technology,Islamabad,2025-08-24T03:30:20.882381
MobileTech Innovations,info@mobiletechinnovations.com,sent,Email sent successfully,Technology,Islamabad,2025-08-24T03:30:20.882381
WebTech Pro,info@webtechpro.com,sent,Email sent successfully,Technology,Islamabad,2025-08-24T03:30:20.882381
TechNova Solutions,info@technovasolutions.pk,sent,Email sent successfully,Technology,Islamabad,2025-08-24T03:38:52.825941
Digital Frontier Pakistan,contact@digitalfrontier.com.pk,sent,Email sent successfully,Technology,Islamabad,2025-08-24T03:38:52.825941
CodeCrafters Islamabad,info@codecrafters.pk,sent,Email sent successfully,Technology,Islamabad,2025-08-24T03:38:52.825941
DataStream Analytics,contact@datastream.com.pk,sent,Email sent successfully,Technology,Islamabad,2025-08-24T03:38:52.825941
CyberShield Security,info@cybershield.pk,sent,Email sent successfully,Technology,Islamabad,2025-08-24T03:38:52.825941
NetConnect Solutions,contact@netconnectsolutions.com,sent,Email sent successfully,Technology,Islamabad,2025-08-24T03:38:52.825941
PakTech Innovators,info@paktechinnovators.pk,sent,Email sent successfully,Technology,Islamabad,2025-08-24T03:38:52.825941
CloudCraft Technologies,contact@cloudcraft.com.pk,sent,Email sent successfully,Technology,Islamabad,2025-08-24T03:38:52.825941
eBiz Solutions,info@ebizsolutions.pk,sent,Email sent successfully,Technology,Islamabad,2025-08-24T03:38:52.825941
SysGen IT Services,contact@sysgenit.com,sent,Email sent successfully,Technology,Islamabad,2025-08-24T03:38:52.825941
Zeeshan's Emporium,info@zeeshansemporium.pk,sent,Email sent successfully,Retail & Shopping,Islamabad,2025-08-24T03:42:08.645357
Aisha's Boutique,aisha@aishaboutique.com,sent,Email sent successfully,Retail & Shopping,Islamabad,2025-08-24T03:42:08.645357
Fahad's Electronics,contact@fahads.pk,sent,Email sent successfully,Retail & Shopping,Islamabad,2025-08-24T03:42:08.645357
Bilal's Book Nook,books@bilals.com.pk,sent,Email sent successfully,Retail & Shopping,Islamabad,2025-08-24T03:42:08.645357
Sunrise Grocery,info@sunrisegrocery.com.pk,sent,Email sent successfully,Retail & Shopping,Islamabad,2025-08-24T03:42:08.645357
Super Mart Islamabad,contact@supermartislamabad.pk,sent,Email sent successfully,Retail & Shopping,Islamabad,2025-08-24T03:42:08.645357
The Craft Corner,info@craftcorner.com.pk,sent,Email sent successfully,Retail & Shopping,Islamabad,2025-08-24T03:42:08.645357
Royal Jewellers,sales@royaljewellers.pk,sent,Email sent successfully,Retail & Shopping,Islamabad,2025-08-24T03:42:08.645357
Tech Hub Islamabad,contact@techhub.pk,sent,Email sent successfully,Retail & Shopping,Islamabad,2025-08-24T03:42:08.645357
Ali's Sports Emporium,info@alisports.com.pk,sent,Email sent successfully,Retail & Shopping,Islamabad,2025-08-24T03:42:08.645357
